,key_as_string,key,doc_count
0,2021-01-01T01:00:00.000Z,1609462800000,1
1,2021-01-01T02:00:00.000Z,1609466400000,0
2,2021-01-01T03:00:00.000Z,1609470000000,0
3,2021-01-01T04:00:00.000Z,1609473600000,1
4,2021-01-01T05:00:00.000Z,1609477200000,0
5,2021-01-01T06:00:00.000Z,1609480800000,1
6,2021-01-01T07:00:00.000Z,1609484400000,0
7,2021-01-01T08:00:00.000Z,1609488000000,1
8,2021-01-01T09:00:00.000Z,1609491600000,0
9,2021-01-01T10:00:00.000Z,1609495200000,0
10,2021-01-01T11:00:00.000Z,1609498800000,2
11,2021-01-01T12:00:00.000Z,1609502400000,1
12,2021-01-01T13:00:00.000Z,1609506000000,3
13,2021-01-01T14:00:00.000Z,1609509600000,2
14,2021-01-01T15:00:00.000Z,1609513200000,0
15,2021-01-01T16:00:00.000Z,1609516800000,4
16,2021-01-01T17:00:00.000Z,1609520400000,1
17,2021-01-01T18:00:00.000Z,1609524000000,0
18,2021-01-01T19:00:00.000Z,1609527600000,1
19,2021-01-01T20:00:00.000Z,1609531200000,5
20,2021-01-01T21:00:00.000Z,1609534800000,2
21,2021-01-01T22:00:00.000Z,1609538400000,1
22,2021-01-01T23:00:00.000Z,1609542000000,0
23,2021-01-02T00:00:00.000Z,1609545600000,2
24,2021-01-02T01:00:00.000Z,1609549200000,3
25,2021-01-02T02:00:00.000Z,1609552800000,0
26,2021-01-02T03:00:00.000Z,1609556400000,1
27,2021-01-02T04:00:00.000Z,1609560000000,2
28,2021-01-02T05:00:00.000Z,1609563600000,1
29,2021-01-02T06:00:00.000Z,1609567200000,4
30,2021-01-02T07:00:00.000Z,1609570800000,0
31,2021-01-02T08:00:00.000Z,1609574400000,1
32,2021-01-02T09:00:00.000Z,1609578000000,9
33,2021-01-02T10:00:00.000Z,1609581600000,2
34,2021-01-02T11:00:00.000Z,1609585200000,3
35,2021-01-02T12:00:00.000Z,1609588800000,2
36,2021-01-02T13:00:00.000Z,1609592400000,3
37,2021-01-02T14:00:00.000Z,1609596000000,1
38,2021-01-02T15:00:00.000Z,1609599600000,1
39,2021-01-02T16:00:00.000Z,1609603200000,2
40,2021-01-02T17:00:00.000Z,1609606800000,0
41,2021-01-02T18:00:00.000Z,1609610400000,13
42,2021-01-02T19:00:00.000Z,1609614000000,2
43,2021-01-02T20:00:00.000Z,1609617600000,0
44,2021-01-02T21:00:00.000Z,1609621200000,0
45,2021-01-02T22:00:00.000Z,1609624800000,1
46,2021-01-02T23:00:00.000Z,1609628400000,2
47,2021-01-03T00:00:00.000Z,1609632000000,6
48,2021-01-03T01:00:00.000Z,1609635600000,1
49,2021-01-03T02:00:00.000Z,1609639200000,0
50,2021-01-03T03:00:00.000Z,1609642800000,2
51,2021-01-03T04:00:00.000Z,1609646400000,0
52,2021-01-03T05:00:00.000Z,1609650000000,2
53,2021-01-03T06:00:00.000Z,1609653600000,2
54,2021-01-03T07:00:00.000Z,1609657200000,0
55,2021-01-03T08:00:00.000Z,1609660800000,1
56,2021-01-03T09:00:00.000Z,1609664400000,0
57,2021-01-03T10:00:00.000Z,1609668000000,3
58,2021-01-03T11:00:00.000Z,1609671600000,1
59,2021-01-03T12:00:00.000Z,1609675200000,1
60,2021-01-03T13:00:00.000Z,1609678800000,1
61,2021-01-03T14:00:00.000Z,1609682400000,1
62,2021-01-03T15:00:00.000Z,1609686000000,2
63,2021-01-03T16:00:00.000Z,1609689600000,4
64,2021-01-03T17:00:00.000Z,1609693200000,15
65,2021-01-03T18:00:00.000Z,1609696800000,1
66,2021-01-03T19:00:00.000Z,1609700400000,1
67,2021-01-03T20:00:00.000Z,1609704000000,0
68,2021-01-03T21:00:00.000Z,1609707600000,1
69,2021-01-03T22:00:00.000Z,1609711200000,1
70,2021-01-03T23:00:00.000Z,1609714800000,0
71,2021-01-04T00:00:00.000Z,1609718400000,5
72,2021-01-04T01:00:00.000Z,1609722000000,0
73,2021-01-04T02:00:00.000Z,1609725600000,1
74,2021-01-04T03:00:00.000Z,1609729200000,3
75,2021-01-04T04:00:00.000Z,1609732800000,1
76,2021-01-04T05:00:00.000Z,1609736400000,2
77,2021-01-04T06:00:00.000Z,1609740000000,4
78,2021-01-04T07:00:00.000Z,1609743600000,4
79,2021-01-04T08:00:00.000Z,1609747200000,1
80,2021-01-04T09:00:00.000Z,1609750800000,4
81,2021-01-04T10:00:00.000Z,1609754400000,8
82,2021-01-04T11:00:00.000Z,1609758000000,0
83,2021-01-04T12:00:00.000Z,1609761600000,4
84,2021-01-04T13:00:00.000Z,1609765200000,8
85,2021-01-04T14:00:00.000Z,1609768800000,6
86,2021-01-04T15:00:00.000Z,1609772400000,2
87,2021-01-04T16:00:00.000Z,1609776000000,7
88,2021-01-04T17:00:00.000Z,1609779600000,3
89,2021-01-04T18:00:00.000Z,1609783200000,3
90,2021-01-04T19:00:00.000Z,1609786800000,9
91,2021-01-04T20:00:00.000Z,1609790400000,1
92,2021-01-04T21:00:00.000Z,1609794000000,2
93,2021-01-04T22:00:00.000Z,1609797600000,2
94,2021-01-04T23:00:00.000Z,1609801200000,3
95,2021-01-05T00:00:00.000Z,1609804800000,3
96,2021-01-05T01:00:00.000Z,1609808400000,1
97,2021-01-05T02:00:00.000Z,1609812000000,1
98,2021-01-05T03:00:00.000Z,1609815600000,3
99,2021-01-05T04:00:00.000Z,1609819200000,0
100,2021-01-05T05:00:00.000Z,1609822800000,2
101,2021-01-05T06:00:00.000Z,1609826400000,2
102,2021-01-05T07:00:00.000Z,1609830000000,63
103,2021-01-05T08:00:00.000Z,1609833600000,9
104,2021-01-05T09:00:00.000Z,1609837200000,6
105,2021-01-05T10:00:00.000Z,1609840800000,3
106,2021-01-05T11:00:00.000Z,1609844400000,4
107,2021-01-05T12:00:00.000Z,1609848000000,4
108,2021-01-05T13:00:00.000Z,1609851600000,4
109,2021-01-05T14:00:00.000Z,1609855200000,7
110,2021-01-05T15:00:00.000Z,1609858800000,7
111,2021-01-05T16:00:00.000Z,1609862400000,9
112,2021-01-05T17:00:00.000Z,1609866000000,21
113,2021-01-05T18:00:00.000Z,1609869600000,5
114,2021-01-05T19:00:00.000Z,1609873200000,6
115,2021-01-05T20:00:00.000Z,1609876800000,2
116,2021-01-05T21:00:00.000Z,1609880400000,0
117,2021-01-05T22:00:00.000Z,1609884000000,7
118,2021-01-05T23:00:00.000Z,1609887600000,0
119,2021-01-06T00:00:00.000Z,1609891200000,3
120,2021-01-06T01:00:00.000Z,1609894800000,1
121,2021-01-06T02:00:00.000Z,1609898400000,5
122,2021-01-06T03:00:00.000Z,1609902000000,4
123,2021-01-06T04:00:00.000Z,1609905600000,5
124,2021-01-06T05:00:00.000Z,1609909200000,1
125,2021-01-06T06:00:00.000Z,1609912800000,6
126,2021-01-06T07:00:00.000Z,1609916400000,1
127,2021-01-06T08:00:00.000Z,1609920000000,18
128,2021-01-06T09:00:00.000Z,1609923600000,5
129,2021-01-06T10:00:00.000Z,1609927200000,21
130,2021-01-06T11:00:00.000Z,1609930800000,13
131,2021-01-06T12:00:00.000Z,1609934400000,11
132,2021-01-06T13:00:00.000Z,1609938000000,14
133,2021-01-06T14:00:00.000Z,1609941600000,11
134,2021-01-06T15:00:00.000Z,1609945200000,43
135,2021-01-06T16:00:00.000Z,1609948800000,4
136,2021-01-06T17:00:00.000Z,1609952400000,1
137,2021-01-06T18:00:00.000Z,1609956000000,4
138,2021-01-06T19:00:00.000Z,1609959600000,2
139,2021-01-06T20:00:00.000Z,1609963200000,1
140,2021-01-06T21:00:00.000Z,1609966800000,8
141,2021-01-06T22:00:00.000Z,1609970400000,0
142,2021-01-06T23:00:00.000Z,1609974000000,0
143,2021-01-07T00:00:00.000Z,1609977600000,1
144,2021-01-07T01:00:00.000Z,1609981200000,2
145,2021-01-07T02:00:00.000Z,1609984800000,2
146,2021-01-07T03:00:00.000Z,1609988400000,1
147,2021-01-07T04:00:00.000Z,1609992000000,0
148,2021-01-07T05:00:00.000Z,1609995600000,0
149,2021-01-07T06:00:00.000Z,1609999200000,27
150,2021-01-07T07:00:00.000Z,1610002800000,22
151,2021-01-07T08:00:00.000Z,1610006400000,19
152,2021-01-07T09:00:00.000Z,1610010000000,12
153,2021-01-07T10:00:00.000Z,1610013600000,10
154,2021-01-07T11:00:00.000Z,1610017200000,8
155,2021-01-07T12:00:00.000Z,1610020800000,6
156,2021-01-07T13:00:00.000Z,1610024400000,6
157,2021-01-07T14:00:00.000Z,1610028000000,54
158,2021-01-07T15:00:00.000Z,1610031600000,24
159,2021-01-07T16:00:00.000Z,1610035200000,56
160,2021-01-07T17:00:00.000Z,1610038800000,6
161,2021-01-07T18:00:00.000Z,1610042400000,7
162,2021-01-07T19:00:00.000Z,1610046000000,5
163,2021-01-07T20:00:00.000Z,1610049600000,1
164,2021-01-07T21:00:00.000Z,1610053200000,7
165,2021-01-07T22:00:00.000Z,1610056800000,1
166,2021-01-07T23:00:00.000Z,1610060400000,0
167,2021-01-08T00:00:00.000Z,1610064000000,2
168,2021-01-08T01:00:00.000Z,1610067600000,2
169,2021-01-08T02:00:00.000Z,1610071200000,4
170,2021-01-08T03:00:00.000Z,1610074800000,1
171,2021-01-08T04:00:00.000Z,1610078400000,20
172,2021-01-08T05:00:00.000Z,1610082000000,16
173,2021-01-08T06:00:00.000Z,1610085600000,5
174,2021-01-08T07:00:00.000Z,1610089200000,161
175,2021-01-08T08:00:00.000Z,1610092800000,35
176,2021-01-08T09:00:00.000Z,1610096400000,24
177,2021-01-08T10:00:00.000Z,1610100000000,16
178,2021-01-08T11:00:00.000Z,1610103600000,21
179,2021-01-08T12:00:00.000Z,1610107200000,6
180,2021-01-08T13:00:00.000Z,1610110800000,26
181,2021-01-08T14:00:00.000Z,1610114400000,7
182,2021-01-08T15:00:00.000Z,1610118000000,21
183,2021-01-08T16:00:00.000Z,1610121600000,3
184,2021-01-08T17:00:00.000Z,1610125200000,8
185,2021-01-08T18:00:00.000Z,1610128800000,0
186,2021-01-08T19:00:00.000Z,1610132400000,0
187,2021-01-08T20:00:00.000Z,1610136000000,0
188,2021-01-08T21:00:00.000Z,1610139600000,0
189,2021-01-08T22:00:00.000Z,1610143200000,2
190,2021-01-08T23:00:00.000Z,1610146800000,5
191,2021-01-09T00:00:00.000Z,1610150400000,3
192,2021-01-09T01:00:00.000Z,1610154000000,0
193,2021-01-09T02:00:00.000Z,1610157600000,0
194,2021-01-09T03:00:00.000Z,1610161200000,0
195,2021-01-09T04:00:00.000Z,1610164800000,0
196,2021-01-09T05:00:00.000Z,1610168400000,0
197,2021-01-09T06:00:00.000Z,1610172000000,58
198,2021-01-09T07:00:00.000Z,1610175600000,13
199,2021-01-09T08:00:00.000Z,1610179200000,7
200,2021-01-09T09:00:00.000Z,1610182800000,1
201,2021-01-09T10:00:00.000Z,1610186400000,3
202,2021-01-09T11:00:00.000Z,1610190000000,2
203,2021-01-09T12:00:00.000Z,1610193600000,2
204,2021-01-09T13:00:00.000Z,1610197200000,0
205,2021-01-09T14:00:00.000Z,1610200800000,26
206,2021-01-09T15:00:00.000Z,1610204400000,2
207,2021-01-09T16:00:00.000Z,1610208000000,2
208,2021-01-09T17:00:00.000Z,1610211600000,2
209,2021-01-09T18:00:00.000Z,1610215200000,4
210,2021-01-09T19:00:00.000Z,1610218800000,3
211,2021-01-09T20:00:00.000Z,1610222400000,2
212,2021-01-09T21:00:00.000Z,1610226000000,2
213,2021-01-09T22:00:00.000Z,1610229600000,1
214,2021-01-09T23:00:00.000Z,1610233200000,1
215,2021-01-10T00:00:00.000Z,1610236800000,3
216,2021-01-10T01:00:00.000Z,1610240400000,1
217,2021-01-10T02:00:00.000Z,1610244000000,1
218,2021-01-10T03:00:00.000Z,1610247600000,0
219,2021-01-10T04:00:00.000Z,1610251200000,3
220,2021-01-10T05:00:00.000Z,1610254800000,2
221,2021-01-10T06:00:00.000Z,1610258400000,1
222,2021-01-10T07:00:00.000Z,1610262000000,0
223,2021-01-10T08:00:00.000Z,1610265600000,0
224,2021-01-10T09:00:00.000Z,1610269200000,0
225,2021-01-10T10:00:00.000Z,1610272800000,19
226,2021-01-10T11:00:00.000Z,1610276400000,3
227,2021-01-10T12:00:00.000Z,1610280000000,6
228,2021-01-10T13:00:00.000Z,1610283600000,2
229,2021-01-10T14:00:00.000Z,1610287200000,8
230,2021-01-10T15:00:00.000Z,1610290800000,1
231,2021-01-10T16:00:00.000Z,1610294400000,0
232,2021-01-10T17:00:00.000Z,1610298000000,4
233,2021-01-10T18:00:00.000Z,1610301600000,5
234,2021-01-10T19:00:00.000Z,1610305200000,3
235,2021-01-10T20:00:00.000Z,1610308800000,1
236,2021-01-10T21:00:00.000Z,1610312400000,0
237,2021-01-10T22:00:00.000Z,1610316000000,2
238,2021-01-10T23:00:00.000Z,1610319600000,2
239,2021-01-11T00:00:00.000Z,1610323200000,1
240,2021-01-11T01:00:00.000Z,1610326800000,3
241,2021-01-11T02:00:00.000Z,1610330400000,4
242,2021-01-11T03:00:00.000Z,1610334000000,4
243,2021-01-11T04:00:00.000Z,1610337600000,2
244,2021-01-11T05:00:00.000Z,1610341200000,21
245,2021-01-11T06:00:00.000Z,1610344800000,26
246,2021-01-11T07:00:00.000Z,1610348400000,9
247,2021-01-11T08:00:00.000Z,1610352000000,16
248,2021-01-11T09:00:00.000Z,1610355600000,30
249,2021-01-11T10:00:00.000Z,1610359200000,44
250,2021-01-11T11:00:00.000Z,1610362800000,20
251,2021-01-11T12:00:00.000Z,1610366400000,24
252,2021-01-11T13:00:00.000Z,1610370000000,14
253,2021-01-11T14:00:00.000Z,1610373600000,7
254,2021-01-11T15:00:00.000Z,1610377200000,23
255,2021-01-11T16:00:00.000Z,1610380800000,23
256,2021-01-11T17:00:00.000Z,1610384400000,19
257,2021-01-11T18:00:00.000Z,1610388000000,26
258,2021-01-11T19:00:00.000Z,1610391600000,5
259,2021-01-11T20:00:00.000Z,1610395200000,8
260,2021-01-11T21:00:00.000Z,1610398800000,7
261,2021-01-11T22:00:00.000Z,1610402400000,7
262,2021-01-11T23:00:00.000Z,1610406000000,21
263,2021-01-12T00:00:00.000Z,1610409600000,10
264,2021-01-12T01:00:00.000Z,1610413200000,1
265,2021-01-12T02:00:00.000Z,1610416800000,3
266,2021-01-12T03:00:00.000Z,1610420400000,1
267,2021-01-12T04:00:00.000Z,1610424000000,27
268,2021-01-12T05:00:00.000Z,1610427600000,5
269,2021-01-12T06:00:00.000Z,1610431200000,103
270,2021-01-12T07:00:00.000Z,1610434800000,5
271,2021-01-12T08:00:00.000Z,1610438400000,21
272,2021-01-12T09:00:00.000Z,1610442000000,25
273,2021-01-12T10:00:00.000Z,1610445600000,33
274,2021-01-12T11:00:00.000Z,1610449200000,70
275,2021-01-12T12:00:00.000Z,1610452800000,55
276,2021-01-12T13:00:00.000Z,1610456400000,28
277,2021-01-12T14:00:00.000Z,1610460000000,40
278,2021-01-12T15:00:00.000Z,1610463600000,21
279,2021-01-12T16:00:00.000Z,1610467200000,12
280,2021-01-12T17:00:00.000Z,1610470800000,15
281,2021-01-12T18:00:00.000Z,1610474400000,5
282,2021-01-12T19:00:00.000Z,1610478000000,18
283,2021-01-12T20:00:00.000Z,1610481600000,18
284,2021-01-12T21:00:00.000Z,1610485200000,2
285,2021-01-12T22:00:00.000Z,1610488800000,5
286,2021-01-12T23:00:00.000Z,1610492400000,4
287,2021-01-13T00:00:00.000Z,1610496000000,50
288,2021-01-13T01:00:00.000Z,1610499600000,0
289,2021-01-13T02:00:00.000Z,1610503200000,0
290,2021-01-13T03:00:00.000Z,1610506800000,0
291,2021-01-13T04:00:00.000Z,1610510400000,0
292,2021-01-13T05:00:00.000Z,1610514000000,14
293,2021-01-13T06:00:00.000Z,1610517600000,29
294,2021-01-13T07:00:00.000Z,1610521200000,34
295,2021-01-13T08:00:00.000Z,1610524800000,7
296,2021-01-13T09:00:00.000Z,1610528400000,16
297,2021-01-13T10:00:00.000Z,1610532000000,37
298,2021-01-13T11:00:00.000Z,1610535600000,2
299,2021-01-13T12:00:00.000Z,1610539200000,25
300,2021-01-13T13:00:00.000Z,1610542800000,21
301,2021-01-13T14:00:00.000Z,1610546400000,34
302,2021-01-13T15:00:00.000Z,1610550000000,7
303,2021-01-13T16:00:00.000Z,1610553600000,7
304,2021-01-13T17:00:00.000Z,1610557200000,17
305,2021-01-13T18:00:00.000Z,1610560800000,12
306,2021-01-13T19:00:00.000Z,1610564400000,10
307,2021-01-13T20:00:00.000Z,1610568000000,2
308,2021-01-13T21:00:00.000Z,1610571600000,3
309,2021-01-13T22:00:00.000Z,1610575200000,5
310,2021-01-13T23:00:00.000Z,1610578800000,3
311,2021-01-14T00:00:00.000Z,1610582400000,9
312,2021-01-14T01:00:00.000Z,1610586000000,3
313,2021-01-14T02:00:00.000Z,1610589600000,1
314,2021-01-14T03:00:00.000Z,1610593200000,1
315,2021-01-14T04:00:00.000Z,1610596800000,11
316,2021-01-14T05:00:00.000Z,1610600400000,30
317,2021-01-14T06:00:00.000Z,1610604000000,7
318,2021-01-14T07:00:00.000Z,1610607600000,6
319,2021-01-14T08:00:00.000Z,1610611200000,20
320,2021-01-14T09:00:00.000Z,1610614800000,26
321,2021-01-14T10:00:00.000Z,1610618400000,37
322,2021-01-14T11:00:00.000Z,1610622000000,9
323,2021-01-14T12:00:00.000Z,1610625600000,12
324,2021-01-14T13:00:00.000Z,1610629200000,4
325,2021-01-14T14:00:00.000Z,1610632800000,15
326,2021-01-14T15:00:00.000Z,1610636400000,5
327,2021-01-14T16:00:00.000Z,1610640000000,4
328,2021-01-14T17:00:00.000Z,1610643600000,6
329,2021-01-14T18:00:00.000Z,1610647200000,22
330,2021-01-14T19:00:00.000Z,1610650800000,2
331,2021-01-14T20:00:00.000Z,1610654400000,3
332,2021-01-14T21:00:00.000Z,1610658000000,0
333,2021-01-14T22:00:00.000Z,1610661600000,4
334,2021-01-14T23:00:00.000Z,1610665200000,1
335,2021-01-15T00:00:00.000Z,1610668800000,3
336,2021-01-15T01:00:00.000Z,1610672400000,1
337,2021-01-15T02:00:00.000Z,1610676000000,0
338,2021-01-15T03:00:00.000Z,1610679600000,3
339,2021-01-15T04:00:00.000Z,1610683200000,1
340,2021-01-15T05:00:00.000Z,1610686800000,1
341,2021-01-15T06:00:00.000Z,1610690400000,27
342,2021-01-15T07:00:00.000Z,1610694000000,5
343,2021-01-15T08:00:00.000Z,1610697600000,6
344,2021-01-15T09:00:00.000Z,1610701200000,12
345,2021-01-15T10:00:00.000Z,1610704800000,9
346,2021-01-15T11:00:00.000Z,1610708400000,9
347,2021-01-15T12:00:00.000Z,1610712000000,6
348,2021-01-15T13:00:00.000Z,1610715600000,10
349,2021-01-15T14:00:00.000Z,1610719200000,6
350,2021-01-15T15:00:00.000Z,1610722800000,27
351,2021-01-15T16:00:00.000Z,1610726400000,19
352,2021-01-15T17:00:00.000Z,1610730000000,18
353,2021-01-15T18:00:00.000Z,1610733600000,1
354,2021-01-15T19:00:00.000Z,1610737200000,2
355,2021-01-15T20:00:00.000Z,1610740800000,4
356,2021-01-15T21:00:00.000Z,1610744400000,5
357,2021-01-15T22:00:00.000Z,1610748000000,1
358,2021-01-15T23:00:00.000Z,1610751600000,2
359,2021-01-16T00:00:00.000Z,1610755200000,12
360,2021-01-16T01:00:00.000Z,1610758800000,2
361,2021-01-16T02:00:00.000Z,1610762400000,1
362,2021-01-16T03:00:00.000Z,1610766000000,1
363,2021-01-16T04:00:00.000Z,1610769600000,2
364,2021-01-16T05:00:00.000Z,1610773200000,2
365,2021-01-16T06:00:00.000Z,1610776800000,2
366,2021-01-16T07:00:00.000Z,1610780400000,0
367,2021-01-16T08:00:00.000Z,1610784000000,2
368,2021-01-16T09:00:00.000Z,1610787600000,5
369,2021-01-16T10:00:00.000Z,1610791200000,2
370,2021-01-16T11:00:00.000Z,1610794800000,3
371,2021-01-16T12:00:00.000Z,1610798400000,17
372,2021-01-16T13:00:00.000Z,1610802000000,6
373,2021-01-16T14:00:00.000Z,1610805600000,2
374,2021-01-16T15:00:00.000Z,1610809200000,1
375,2021-01-16T16:00:00.000Z,1610812800000,3
376,2021-01-16T17:00:00.000Z,1610816400000,2
377,2021-01-16T18:00:00.000Z,1610820000000,1
378,2021-01-16T19:00:00.000Z,1610823600000,2
379,2021-01-16T20:00:00.000Z,1610827200000,0
380,2021-01-16T21:00:00.000Z,1610830800000,2
381,2021-01-16T22:00:00.000Z,1610834400000,2
382,2021-01-16T23:00:00.000Z,1610838000000,2
383,2021-01-17T00:00:00.000Z,1610841600000,7
384,2021-01-17T01:00:00.000Z,1610845200000,0
385,2021-01-17T02:00:00.000Z,1610848800000,0
386,2021-01-17T03:00:00.000Z,1610852400000,1
387,2021-01-17T04:00:00.000Z,1610856000000,5
388,2021-01-17T05:00:00.000Z,1610859600000,0
389,2021-01-17T06:00:00.000Z,1610863200000,5
390,2021-01-17T07:00:00.000Z,1610866800000,2
391,2021-01-17T08:00:00.000Z,1610870400000,7
392,2021-01-17T09:00:00.000Z,1610874000000,3
393,2021-01-17T10:00:00.000Z,1610877600000,2
394,2021-01-17T11:00:00.000Z,1610881200000,5
395,2021-01-17T12:00:00.000Z,1610884800000,0
396,2021-01-17T13:00:00.000Z,1610888400000,2
397,2021-01-17T14:00:00.000Z,1610892000000,2
398,2021-01-17T15:00:00.000Z,1610895600000,3
399,2021-01-17T16:00:00.000Z,1610899200000,11
400,2021-01-17T17:00:00.000Z,1610902800000,2
401,2021-01-17T18:00:00.000Z,1610906400000,4
402,2021-01-17T19:00:00.000Z,1610910000000,1
403,2021-01-17T20:00:00.000Z,1610913600000,4
404,2021-01-17T21:00:00.000Z,1610917200000,4
405,2021-01-17T22:00:00.000Z,1610920800000,0
406,2021-01-17T23:00:00.000Z,1610924400000,4
407,2021-01-18T00:00:00.000Z,1610928000000,3
408,2021-01-18T01:00:00.000Z,1610931600000,0
409,2021-01-18T02:00:00.000Z,1610935200000,0
410,2021-01-18T03:00:00.000Z,1610938800000,3
411,2021-01-18T04:00:00.000Z,1610942400000,18
412,2021-01-18T05:00:00.000Z,1610946000000,43
413,2021-01-18T06:00:00.000Z,1610949600000,44
414,2021-01-18T07:00:00.000Z,1610953200000,9
415,2021-01-18T08:00:00.000Z,1610956800000,17
416,2021-01-18T09:00:00.000Z,1610960400000,9
417,2021-01-18T10:00:00.000Z,1610964000000,33
418,2021-01-18T11:00:00.000Z,1610967600000,7
419,2021-01-18T12:00:00.000Z,1610971200000,6
420,2021-01-18T13:00:00.000Z,1610974800000,11
421,2021-01-18T14:00:00.000Z,1610978400000,22
422,2021-01-18T15:00:00.000Z,1610982000000,12
423,2021-01-18T16:00:00.000Z,1610985600000,17
424,2021-01-18T17:00:00.000Z,1610989200000,9
425,2021-01-18T18:00:00.000Z,1610992800000,3
426,2021-01-18T19:00:00.000Z,1610996400000,16
427,2021-01-18T20:00:00.000Z,1611000000000,5
428,2021-01-18T21:00:00.000Z,1611003600000,6
429,2021-01-18T22:00:00.000Z,1611007200000,3
430,2021-01-18T23:00:00.000Z,1611010800000,0
431,2021-01-19T00:00:00.000Z,1611014400000,7
432,2021-01-19T01:00:00.000Z,1611018000000,9
433,2021-01-19T02:00:00.000Z,1611021600000,0
434,2021-01-19T03:00:00.000Z,1611025200000,2
435,2021-01-19T04:00:00.000Z,1611028800000,41
436,2021-01-19T05:00:00.000Z,1611032400000,2
437,2021-01-19T06:00:00.000Z,1611036000000,11
438,2021-01-19T07:00:00.000Z,1611039600000,145
439,2021-01-19T08:00:00.000Z,1611043200000,41
440,2021-01-19T09:00:00.000Z,1611046800000,24
441,2021-01-19T10:00:00.000Z,1611050400000,32
442,2021-01-19T11:00:00.000Z,1611054000000,34
443,2021-01-19T12:00:00.000Z,1611057600000,41
444,2021-01-19T13:00:00.000Z,1611061200000,11
445,2021-01-19T14:00:00.000Z,1611064800000,55
446,2021-01-19T15:00:00.000Z,1611068400000,6
447,2021-01-19T16:00:00.000Z,1611072000000,10
448,2021-01-19T17:00:00.000Z,1611075600000,14
449,2021-01-19T18:00:00.000Z,1611079200000,8
450,2021-01-19T19:00:00.000Z,1611082800000,6
451,2021-01-19T20:00:00.000Z,1611086400000,0
452,2021-01-19T21:00:00.000Z,1611090000000,2
453,2021-01-19T22:00:00.000Z,1611093600000,8
454,2021-01-19T23:00:00.000Z,1611097200000,1
455,2021-01-20T00:00:00.000Z,1611100800000,5
456,2021-01-20T01:00:00.000Z,1611104400000,2
457,2021-01-20T02:00:00.000Z,1611108000000,4
458,2021-01-20T03:00:00.000Z,1611111600000,7
459,2021-01-20T04:00:00.000Z,1611115200000,3
460,2021-01-20T05:00:00.000Z,1611118800000,21
461,2021-01-20T06:00:00.000Z,1611122400000,28
462,2021-01-20T07:00:00.000Z,1611126000000,32
463,2021-01-20T08:00:00.000Z,1611129600000,15
464,2021-01-20T09:00:00.000Z,1611133200000,34
465,2021-01-20T10:00:00.000Z,1611136800000,16
466,2021-01-20T11:00:00.000Z,1611140400000,14
467,2021-01-20T12:00:00.000Z,1611144000000,22
468,2021-01-20T13:00:00.000Z,1611147600000,10
469,2021-01-20T14:00:00.000Z,1611151200000,44
470,2021-01-20T15:00:00.000Z,1611154800000,20
471,2021-01-20T16:00:00.000Z,1611158400000,18
472,2021-01-20T17:00:00.000Z,1611162000000,14
473,2021-01-20T18:00:00.000Z,1611165600000,13
474,2021-01-20T19:00:00.000Z,1611169200000,3
475,2021-01-20T20:00:00.000Z,1611172800000,8
476,2021-01-20T21:00:00.000Z,1611176400000,4
477,2021-01-20T22:00:00.000Z,1611180000000,0
478,2021-01-20T23:00:00.000Z,1611183600000,3
479,2021-01-21T00:00:00.000Z,1611187200000,0
480,2021-01-21T01:00:00.000Z,1611190800000,3
481,2021-01-21T02:00:00.000Z,1611194400000,4
482,2021-01-21T03:00:00.000Z,1611198000000,4
483,2021-01-21T04:00:00.000Z,1611201600000,7
484,2021-01-21T05:00:00.000Z,1611205200000,2
485,2021-01-21T06:00:00.000Z,1611208800000,26
486,2021-01-21T07:00:00.000Z,1611212400000,43
487,2021-01-21T08:00:00.000Z,1611216000000,30
488,2021-01-21T09:00:00.000Z,1611219600000,11
489,2021-01-21T10:00:00.000Z,1611223200000,23
490,2021-01-21T11:00:00.000Z,1611226800000,87
491,2021-01-21T12:00:00.000Z,1611230400000,32
492,2021-01-21T13:00:00.000Z,1611234000000,15
493,2021-01-21T14:00:00.000Z,1611237600000,7
494,2021-01-21T15:00:00.000Z,1611241200000,12
495,2021-01-21T16:00:00.000Z,1611244800000,34
496,2021-01-21T17:00:00.000Z,1611248400000,4
497,2021-01-21T18:00:00.000Z,1611252000000,1
498,2021-01-21T19:00:00.000Z,1611255600000,9
499,2021-01-21T20:00:00.000Z,1611259200000,3
500,2021-01-21T21:00:00.000Z,1611262800000,7
501,2021-01-21T22:00:00.000Z,1611266400000,7
502,2021-01-21T23:00:00.000Z,1611270000000,6
503,2021-01-22T00:00:00.000Z,1611273600000,4
504,2021-01-22T01:00:00.000Z,1611277200000,0
505,2021-01-22T02:00:00.000Z,1611280800000,4
506,2021-01-22T03:00:00.000Z,1611284400000,1
507,2021-01-22T04:00:00.000Z,1611288000000,1
508,2021-01-22T05:00:00.000Z,1611291600000,5
509,2021-01-22T06:00:00.000Z,1611295200000,28
510,2021-01-22T07:00:00.000Z,1611298800000,0
511,2021-01-22T08:00:00.000Z,1611302400000,3
512,2021-01-22T09:00:00.000Z,1611306000000,10
513,2021-01-22T10:00:00.000Z,1611309600000,11
514,2021-01-22T11:00:00.000Z,1611313200000,21
515,2021-01-22T12:00:00.000Z,1611316800000,7
516,2021-01-22T13:00:00.000Z,1611320400000,24
517,2021-01-22T14:00:00.000Z,1611324000000,5
518,2021-01-22T15:00:00.000Z,1611327600000,6
519,2021-01-22T16:00:00.000Z,1611331200000,11
520,2021-01-22T17:00:00.000Z,1611334800000,26
521,2021-01-22T18:00:00.000Z,1611338400000,3
522,2021-01-22T19:00:00.000Z,1611342000000,2
523,2021-01-22T20:00:00.000Z,1611345600000,5
524,2021-01-22T21:00:00.000Z,1611349200000,3
525,2021-01-22T22:00:00.000Z,1611352800000,3
526,2021-01-22T23:00:00.000Z,1611356400000,4
527,2021-01-23T00:00:00.000Z,1611360000000,2
528,2021-01-23T01:00:00.000Z,1611363600000,1
529,2021-01-23T02:00:00.000Z,1611367200000,1
530,2021-01-23T03:00:00.000Z,1611370800000,0
531,2021-01-23T04:00:00.000Z,1611374400000,3
532,2021-01-23T05:00:00.000Z,1611378000000,1
533,2021-01-23T06:00:00.000Z,1611381600000,0
534,2021-01-23T07:00:00.000Z,1611385200000,10
535,2021-01-23T08:00:00.000Z,1611388800000,10
536,2021-01-23T09:00:00.000Z,1611392400000,4
537,2021-01-23T10:00:00.000Z,1611396000000,2
538,2021-01-23T11:00:00.000Z,1611399600000,47
539,2021-01-23T12:00:00.000Z,1611403200000,45
540,2021-01-23T13:00:00.000Z,1611406800000,2
541,2021-01-23T14:00:00.000Z,1611410400000,2
542,2021-01-23T15:00:00.000Z,1611414000000,1
543,2021-01-23T16:00:00.000Z,1611417600000,3
544,2021-01-23T17:00:00.000Z,1611421200000,4
545,2021-01-23T18:00:00.000Z,1611424800000,2
546,2021-01-23T19:00:00.000Z,1611428400000,1
547,2021-01-23T20:00:00.000Z,1611432000000,4
548,2021-01-23T21:00:00.000Z,1611435600000,2
549,2021-01-23T22:00:00.000Z,1611439200000,3
550,2021-01-23T23:00:00.000Z,1611442800000,4
551,2021-01-24T00:00:00.000Z,1611446400000,3
552,2021-01-24T01:00:00.000Z,1611450000000,0
553,2021-01-24T02:00:00.000Z,1611453600000,5
554,2021-01-24T03:00:00.000Z,1611457200000,0
555,2021-01-24T04:00:00.000Z,1611460800000,0
556,2021-01-24T05:00:00.000Z,1611464400000,1
557,2021-01-24T06:00:00.000Z,1611468000000,1
558,2021-01-24T07:00:00.000Z,1611471600000,1
559,2021-01-24T08:00:00.000Z,1611475200000,2
560,2021-01-24T09:00:00.000Z,1611478800000,2
561,2021-01-24T10:00:00.000Z,1611482400000,2
562,2021-01-24T11:00:00.000Z,1611486000000,1
563,2021-01-24T12:00:00.000Z,1611489600000,2
564,2021-01-24T13:00:00.000Z,1611493200000,1
565,2021-01-24T14:00:00.000Z,1611496800000,3
566,2021-01-24T15:00:00.000Z,1611500400000,2
567,2021-01-24T16:00:00.000Z,1611504000000,2
568,2021-01-24T17:00:00.000Z,1611507600000,2
569,2021-01-24T18:00:00.000Z,1611511200000,3
570,2021-01-24T19:00:00.000Z,1611514800000,2
571,2021-01-24T20:00:00.000Z,1611518400000,12
572,2021-01-24T21:00:00.000Z,1611522000000,2
573,2021-01-24T22:00:00.000Z,1611525600000,2
574,2021-01-24T23:00:00.000Z,1611529200000,4
575,2021-01-25T00:00:00.000Z,1611532800000,1
576,2021-01-25T01:00:00.000Z,1611536400000,0
577,2021-01-25T02:00:00.000Z,1611540000000,2
578,2021-01-25T03:00:00.000Z,1611543600000,1
579,2021-01-25T04:00:00.000Z,1611547200000,1
580,2021-01-25T05:00:00.000Z,1611550800000,16
581,2021-01-25T06:00:00.000Z,1611554400000,2
582,2021-01-25T07:00:00.000Z,1611558000000,7
583,2021-01-25T08:00:00.000Z,1611561600000,35
584,2021-01-25T09:00:00.000Z,1611565200000,3
585,2021-01-25T10:00:00.000Z,1611568800000,24
586,2021-01-25T11:00:00.000Z,1611572400000,7
587,2021-01-25T12:00:00.000Z,1611576000000,42
588,2021-01-25T13:00:00.000Z,1611579600000,20
589,2021-01-25T14:00:00.000Z,1611583200000,7
590,2021-01-25T15:00:00.000Z,1611586800000,15
591,2021-01-25T16:00:00.000Z,1611590400000,43
592,2021-01-25T17:00:00.000Z,1611594000000,15
593,2021-01-25T18:00:00.000Z,1611597600000,2
594,2021-01-25T19:00:00.000Z,1611601200000,6
595,2021-01-25T20:00:00.000Z,1611604800000,0
596,2021-01-25T21:00:00.000Z,1611608400000,125
597,2021-01-25T22:00:00.000Z,1611612000000,17
598,2021-01-25T23:00:00.000Z,1611615600000,7
599,2021-01-26T00:00:00.000Z,1611619200000,4
600,2021-01-26T01:00:00.000Z,1611622800000,4
601,2021-01-26T02:00:00.000Z,1611626400000,4
602,2021-01-26T03:00:00.000Z,1611630000000,4
603,2021-01-26T04:00:00.000Z,1611633600000,18
604,2021-01-26T05:00:00.000Z,1611637200000,8
605,2021-01-26T06:00:00.000Z,1611640800000,106
606,2021-01-26T07:00:00.000Z,1611644400000,26
607,2021-01-26T08:00:00.000Z,1611648000000,23
608,2021-01-26T09:00:00.000Z,1611651600000,12
609,2021-01-26T10:00:00.000Z,1611655200000,35
610,2021-01-26T11:00:00.000Z,1611658800000,13
611,2021-01-26T12:00:00.000Z,1611662400000,19
612,2021-01-26T13:00:00.000Z,1611666000000,34
613,2021-01-26T14:00:00.000Z,1611669600000,17
614,2021-01-26T15:00:00.000Z,1611673200000,27
615,2021-01-26T16:00:00.000Z,1611676800000,8
616,2021-01-26T17:00:00.000Z,1611680400000,4
617,2021-01-26T18:00:00.000Z,1611684000000,7
618,2021-01-26T19:00:00.000Z,1611687600000,2
619,2021-01-26T20:00:00.000Z,1611691200000,3
620,2021-01-26T21:00:00.000Z,1611694800000,2
621,2021-01-26T22:00:00.000Z,1611698400000,6
622,2021-01-26T23:00:00.000Z,1611702000000,16
623,2021-01-27T00:00:00.000Z,1611705600000,4
624,2021-01-27T01:00:00.000Z,1611709200000,2
625,2021-01-27T02:00:00.000Z,1611712800000,3
626,2021-01-27T03:00:00.000Z,1611716400000,2
627,2021-01-27T04:00:00.000Z,1611720000000,2
628,2021-01-27T05:00:00.000Z,1611723600000,12
629,2021-01-27T06:00:00.000Z,1611727200000,7
630,2021-01-27T07:00:00.000Z,1611730800000,4
631,2021-01-27T08:00:00.000Z,1611734400000,5
632,2021-01-27T09:00:00.000Z,1611738000000,36
633,2021-01-27T10:00:00.000Z,1611741600000,32
634,2021-01-27T11:00:00.000Z,1611745200000,5
635,2021-01-27T12:00:00.000Z,1611748800000,7
636,2021-01-27T13:00:00.000Z,1611752400000,4
637,2021-01-27T14:00:00.000Z,1611756000000,3
638,2021-01-27T15:00:00.000Z,1611759600000,1
639,2021-01-27T16:00:00.000Z,1611763200000,1
640,2021-01-27T17:00:00.000Z,1611766800000,5
